start;ig
01067;5
01069;5
01097;5
01099;5
01108;5
01109;5
01127;5
01129;5
01139;5
01156;5
01157;5
01159;5
01169;5
01187;5
01189;5
01217;5
01219;5
01237;5
01239;5
01257;5
01259;5
01277;5
01279;5
01307;5
01309;5
01324;5
01326;5
01328;5
01445;5
01454;5
01458;5
01465;5
01468;5
01471;5
01477;5
01558;5
01561;5
01587;5
01589;5
01591;5
01594;5
01609;5
01612;5
01616;5
01619;5
01623;5
01640;5
01662;5
01665;5
01683;5
01689;5
01705;5
01723;5
01728;5
01731;5
01734;5
01737;5
01738;5
01744;5
01762;5
01768;5
01773;5
01774;5
01776;5
01778;5
01796;5
01809;5
01814;5
01816;5
01819;5
01824;5
01825;5
01829;5
01833;5
01844;5
01847;5
01848;5
01855;5
01877;5
01896;5
01900;5
01904;5
01906;5
01909;5
01917;5
01920;5
01936;5
01945;
01968;
01979;
01983;
01987;
01990;
01993;
01994;
01996;
01998;
02625;5
02627;5
02633;5
02681;5
02689;5
02692;5
02694;5
02699;5
02708;
02727;
02730;
02733;
02736;
02739;
02742;
02747;
02748;
02763;
02779;
02782;
02785;
02788;
02791;
02794;
02796;
02797;
02799;
02826;
02827;
02828;
02829;
02894;
02899;
02906;
02923;
02929;
02943;
02953;
02956;
02957;
02959;
02977;5
02979;5
02991;5
02994;5
02997;5
02999;5
03042;
03044;
03046;
03048;
03050;
03051;
03052;
03053;
03054;
03055;
03058;
03096;
03099;
03103;
03116;
03119;
03130;
03149;
03159;
03172;
03185;
03197;
03205;
03222;
03226;
03229;
03238;
03246;
03249;
03253;
04103;89
04105;89
04107;89
04109;89
04129;89
04155;89
04157;89
04158;89
04159;89
04177;89
04178;89
04179;89
04205;89
04207;89
04209;89
04229;89
04249;89
04275;89
04277;89
04279;89
04288;89
04289;89
04299;89
04315;89
04316;89
04317;89
04318;89
04319;89
04328;89
04329;89
04347;89
04349;89
04356;89
04357;89
04416;89
04420;89
04425;89
04435;89
04442;89
04451;89
04463;89
04509;89
04519;89
04523;89
04539;89
04552;89
04564;89
04565;89
04567;89
04571;89
04575;89
04600;1
04603;1
04610;1
04613;1
04617;1
04618;1
04626;1
04639;1
04643;89
04651;89
04654;89
04668;89
04680;89
04683;89
04687;89
04703;
04720;
04736;
04741;
04746;
04749;
04758;89
04769;89
04774;89
04779;89
04808;89
04821;89
04824;89
04827;89
04828;89
04838;89
04849;89
04860;89
04861;89
04862;89
04874;89
04880;89
04886;89
04889;89
04895;
04910;
04916;
04924;
04928;
04931;
04932;
04934;
04936;
04938;
06108;
06110;
06112;
06114;
06116;
06118;
06120;
06122;
06124;
06126;
06128;
06130;
06132;
06179;
06184;
06188;
06193;
06198;
06217;
06231;
06237;
06242;
06246;
06249;
06255;
06258;
06259;
06268;102
06279;102
06295;102
06308;102
06311;102
06313;102
06317;102
06333;102
06333;
06343;102
06347;
06366;
06369;
06385;
06386;
06388;
06406;
06408;
06420;
06425;
06429;
06449;
06456;
06458;
06463;
06464;
06466;
06467;
06469;
06484;
06485;
06493;
06502;
06526;102
06528;102
06536;
06537;
06542;102
06543;
06556;89
06567;89
06571;89
06577;89
06578;89
06618;
06628;
06632;
06632;
06636;
06638;
06642;
06647;
06648;
06667;
06679;
06682;
06686;
06688;
06711;
06712;
06721;
06722;
06729;
06749;
06766;
06772;
06773;
06774;
06779;
06780;
06785;
06792;
06794;
06796;
06800;
06803;
06808;
06809;
06842;
06844;
06846;
06847;
06849;
06861;
06862;
06868;
06869;
06886;
06888;
06889;
06895;
06901;
06905;
06917;
06925;
07318;89
07330;89
07333;102
07338;102
07343;89
07349;89
07356;102
07366;102
07368;102
07381;102
07387;102
07389;102
07407;89
07422;89
07426;89
07427;89
07429;89
07545;89
07546;89
07548;89
07549;89
07551;89
07552;89
07554;89
07557;89
07570;89
07580;89
07586;89
07589;89
07607;
07613;
07616;
07619;
07629;
07639;
07646;
07743;
07745;
07747;
07749;
07751;
07751;
07768;
07774;
07778;
07806;89
07819;89
07907;102
07919;
07919;89
07922;89
07924;102
07926;89
07927;89
07929;102
07937;89
07950;89
07952;
07955;89
07957;89
07958;89
07973;89
07980;89
07985;
07987;89
08056;
08058;
08060;
08062;
08064;
08066;
08107;
08112;
08115;
08118;
08132;
08134;
08141;
08144;
08147;
08209;
08223;
08228;
08233;
08236;
08237;
08239;
08248;
08258;
08261;
08262;
08267;
08280;
08289;
08294;
08297;
08301;
08304;
08309;
08315;
08321;
08324;
08328;
08340;
08344;
08349;
08352;
08359;
08371;
08373;
08393;
08396;
08412;
08427;
08428;
08451;
08459;
08468;
08485;
08491;
08496;
08499;
08523;
08525;
08527;
08529;
08538;
08539;
08541;
08543;
08547;
08548;
08606;
08626;
08645;
08648;
09111;
09112;
09113;
09114;
09116;
09117;
09119;
09120;
09122;
09123;
09125;
09126;
09127;
09128;
09130;
09131;
09212;
09217;
09221;
09224;
09228;
09232;
09235;
09236;
09241;
09243;
09244;
09247;
09249;
09306;
09322;
09326;
09328;
09337;
09350;
09353;
09355;
09356;
09366;
09376;
09380;
09385;
09387;
09390;
09392;
09394;
09399;
09405;
09419;
09423;
09427;
09429;
09430;
09432;
09434;
09437;
09439;
09456;
09465;
09468;
09471;
09474;
09477;
09481;
09484;
09487;
09488;
09496;
09509;
09514;
09518;
09526;
09544;
09548;
09557;
09569;
09573;
09573;
09575;
09577;
09579;
09599;
09600;
09603;
09618;
09619;
09623;
09627;
09629;
09633;
09634;
09638;
09648;
09661;
09669;
10115;
10117;
10119;
10178;
10179;
10243;
10245;
10247;
10249;
10315;
10317;
10318;
10319;
10365;
10367;
10369;
10405;
10407;
10409;
10435;
10437;
10439;
10551;
10553;
10555;
10557;
10559;
10585;
10587;
10589;
10623;
10625;
10627;
10629;
10707;
10709;
10711;
10713;
10715;
10717;
10719;
10777;
10779;
10781;
10783;
10785;
10787;
10789;
10823;
10825;
10827;
10829;
10961;
10963;
10965;
10967;
10969;
10997;
10999;
12043;
12045;
12047;
12049;
12051;
12053;
12055;
12057;
12059;
12099;
12101;
12103;
12105;
12107;
12109;
12157;
12159;
12161;
12163;
12165;
12167;
12169;
12203;
12205;
12207;
12209;
12247;
12249;
12277;
12279;
12305;
12307;
12309;
12347;
12349;
12351;
12353;
12355;
12357;
12359;
12435;
12437;
12439;
12459;
12487;
12489;
12524;
12526;
12527;
12529;
12555;
12557;
12559;
12587;
12589;
12619;
12621;
12623;
12627;
12629;
12679;
12681;
12683;
12685;
12687;
12689;
13051;
13053;
13055;
13057;
13059;
13086;
13088;
13089;
13125;
13127;
13129;
13156;
13158;
13159;
13187;
13189;
13347;
13349;
13351;
13353;
13355;
13357;
13359;
13403;
13405;
13407;
13409;
13435;
13437;
13439;
13465;
13467;
13469;
13503;
13505;
13507;
13509;
13581;
13583;
13585;
13587;
13589;
13591;
13593;
13595;
13597;
13599;
13627;
13629;
14050;
14052;
14053;
14055;
14057;
14059;
14089;
14109;
14129;
14163;
14165;
14167;
14169;
14193;
14195;
14197;
14199;
14467;
14469;
14471;
14473;
14476;
14478;
14480;
14482;
14513;
14532;
14542;
14547;
14548;
14550;
14552;
14554;
14558;
14612;
14621;
14624;
14641;
14656;
14662;
14669;
14712;
14715;
14715;
14727;
14728;
14770;
14772;
14774;
14776;
14778;
14789;
14793;
14797;
14798;
14806;
14822;
14823;
14827;
14828;
14913;
14929;
14943;
14947;
14959;
14974;
14979;
15230;
15232;
15234;
15236;
15236;
15236;
15295;
15299;
15306;
15320;
15324;
15326;
15328;
15344;
15345;
15366;
15370;
15374;
15377;
15378;
15517;
15518;
15526;
15528;
15537;
15562;
15566;
15569;
15711;
15712;
15713;
15732;
15738;
15741;
15745;
15746;
15748;
15749;
15754;
15755;
15757;
15806;
15827;
15831;
15834;
15837;
15838;
15848;
15859;
15864;
15868;
15890;
15898;
15907;
15910;
15913;
15926;
15936;
15938;
16225;
16227;
16230;
16244;
16247;
16248;
16259;
16269;
16278;
16303;
16306;
16307;
16321;
16341;
16348;
16356;
16359;
16515;
16540;
16547;
16548;
16552;
16556;
16559;
16562;
16567;
16727;
16761;
16766;
16767;
16775;
16792;
16798;
16816;
16818;
16827;
16831;
16833;
16835;
16837;
16845;
16845;
16866;
16866;
16868;
16909;
16928;
16945;
16949;
17033;
17034;
17036;
17039;
17087;
17089;
17091;
17094;
17098;
17099;
17109;
17111;
17121;
17126;
17129;
17139;
17153;
17154;
17159;
17166;
17168;
17179;
17192;
17194;
17207;
17209;
17213;
17214;
17217;
17219;
17235;
17237;
17248;
17252;
17255;
17258;
17268;
17279;
17291;
17309;
17321;
17322;
17326;
17328;
17329;
17335;
17337;
17337;
17348;
17349;
17358;
17367;
17373;
17375;
17379;
17389;
17390;
17391;
17392;
17398;
17406;
17419;
17424;
17429;
17438;
17440;
17449;
17454;
17459;
17489;
17491;
17493;
17495;
17498;
17506;
17509;
18055;
18057;
18059;
18059;
18069;
18069;
18106;
18107;
18107;
18109;
18119;
18146;
18147;
18181;
18181;
18182;
18182;
18184;
18190;
18195;
18196;
18198;
18209;
18211;
18225;
18230;
18233;
18236;
18239;
18246;
18249;
18258;
18273;
18276;
18279;
18292;
18299;
18311;
18314;
18317;
18320;
18334;
18337;
18347;
18356;
18374;
18375;
18435;
18437;
18439;
18442;
18445;
18461;
18465;
18469;
18507;
18510;
18513;
18516;
18519;
18528;
18546;
18551;
18556;
18565;
18569;
18573;
18574;
18581;
18586;
18609;
19053;
19055;
19057;
19059;
19061;
19063;
19065;
19067;
19069;
19071;
19073;
19075;
19077;
19079;
19086;
19089;
19205;
19209;
19217;
19230;
19243;
19246;
19249;
19258;
19260;
19273;
19273;
19288;
19294;
19300;
19303;
19306;
19309;
19322;
19336;
19339;
19348;
19357;
19357;
19370;
19372;
19374;
19376;
19386;
19395;
19399;
19406;
19412;
19417;
20095;
20097;
20099;
20144;
20146;
20148;
20149;
20249;
20251;
20253;
20255;
20257;
20259;
20354;
20355;
20357;
20359;
20457;
20459;
20535;
20537;
20539;
21029;
21031;
21033;
21035;
21037;
21039;
21039;
21073;
21075;
21077;
21079;
21107;
21109;
21129;
21147;
21149;
21217;
21218;
21220;
21224;
21227;
21228;
21244;
21255;
21256;
21258;
21259;
21261;
21266;
21271;
21272;
21274;
21279;
21335;
21337;
21339;
21354;
21357;
21358;
21360;
21365;
21368;
21369;
21371;
21376;
21379;
21380;
21382;
21385;
21386;
21388;
21391;
21394;
21395;
21397;
21398;
21400;
21401;
21403;
21406;
21407;
21409;
21423;
21435;
21436;
21438;
21439;
21441;
21442;
21444;
21445;
21447;
21449;
21465;
21465;
21481;
21483;
21493;
21502;
21509;
21514;
21516;
21521;
21522;
21524;
21526;
21527;
21529;
21614;
21629;
21635;
21640;
21641;
21643;
21644;
21646;
21647;
21649;
21680;
21682;
21683;
21684;
21698;
21702;
21706;
21709;
21710;
21712;
21714;
21717;
21720;
21723;
21726;
21727;
21729;
21730;
21732;
21734;
21737;
21739;
21745;
21755;
21756;
21762;
21763;
21765;
21769;
21770;
21772;
21775;
21776;
21781;
21782;
21785;
21787;
21789;
22041;
22043;
22045;
22047;
22049;
22081;
22083;
22085;
22087;
22089;
22111;
22113;
22113;
22115;
22117;
22119;
22143;
22145;
22145;
22147;
22149;
22159;
22175;
22177;
22179;
22297;
22299;
22301;
22303;
22305;
22307;
22309;
22335;
22337;
22339;
22359;
22391;
22393;
22395;
22397;
22399;
22415;
22417;
22419;
22453;
22455;
22457;
22459;
22523;
22525;
22527;
22529;
22547;
22549;
22559;
22587;
22589;
22605;
22607;
22609;
22761;
22763;
22765;
22767;
22769;
22844;
22846;
22848;
22850;
22851;
22869;
22880;
22885;
22889;
22926;
22927;
22929;
22929;
22941;
22946;
22946;
22949;
22952;
22955;
22956;
22958;
22959;
22961;
22962;
22964;
22965;
22967;
22969;
23552;
23554;
23556;
23558;
23560;
23562;
23564;
23566;
23568;
23569;
23570;
23611;
23617;
23619;
23623;
23626;
23627;
23628;
23629;
23669;
23683;
23684;
23689;
23701;
23714;
23714;
23715;
23717;
23719;
23730;
23738;
23743;
23744;
23746;
23747;
23749;
23758;
23769;
23774;
23775;
23777;
23779;
23795;
23812;
23813;
23815;
23816;
23818;
23820;
23821;
23823;
23824;
23826;
23827;
23829;
23843;
23845;
23845;
23847;
23847;
23858;
23860;
23860;
23863;
23863;
23866;
23867;
23869;
23879;
23881;
23883;
23896;
23898;
23899;
23909;
23911;
23919;
23923;
23936;
23942;
23946;
23948;
23966;
23968;
23970;
23972;
23974;
23992;
23996;
23999;
24103;
24105;
24106;
24107;
24107;
24109;
24109;
24111;
24113;
24113;
24114;
24116;
24118;
24119;
24143;
24145;
24146;
24147;
24148;
24149;
24159;
24161;
24211;
24214;
24217;
24220;
24220;
24222;
24223;
24226;
24229;
24232;
24235;
24238;
24239;
24241;
24242;
24244;
24245;
24247;
24248;
24250;
24251;
24253;
24254;
24256;
24257;
24259;
24306;
24321;
24326;
24326;
24327;
24329;
24340;
24351;
24354;
24357;
24358;
24360;
24361;
24363;
24364;
24366;
24367;
24369;
24376;
24392;
24395;
24398;
24399;
24401;
24402;
24404;
24405;
24407;
24409;
24534;
24536;
24536;
24537;
24539;
24558;
24568;
24576;
24582;
24589;
24594;
24598;
24601;
24610;
24613;
24616;
24616;
24619;
24619;
24620;
24622;
24623;
24625;
24625;
24626;
24628;
24629;
24631;
24632;
24634;
24635;
24637;
24638;
24640;
24641;
24643;
24644;
24646;
24647;
24649;
24768;
24782;
24783;
24784;
24787;
24790;
24791;
24793;
24794;
24796;
24797;
24799;
24800;
24802;
24803;
24805;
24806;
24808;
24809;
24811;
24813;
24814;
24816;
24817;
24819;
24837;
24848;
24848;
24850;
24852;
24855;
24857;
24860;
24861;
24863;
24864;
24866;
24867;
24869;
24870;
24872;
24873;
24876;
24878;
24879;
24881;
24882;
24884;
24885;
24887;
24888;
24890;
24891;
24893;
24894;
24896;
24896;
24897;
24899;
24937;
24939;
24941;
24943;
24943;
24944;
24955;
24960;
24963;
24966;
24969;
24972;
24975;
24976;
24977;
24980;
24983;
24986;
24988;
24989;
24991;
24992;
24994;
24996;
24997;
24999;
25335;
25335;
25336;
25337;
25348;
25355;
25358;
25361;
25364;
25365;
25368;
25370;
25371;
25373;
25376;
25377;
25379;
25421;
25436;
25451;
25462;
25469;
25474;
25479;
25482;
25485;
25486;
25488;
25489;
25491;
25492;
25494;
25495;
25497;
25499;
25524;
25541;
25548;
25551;
25554;
25557;
25560;
25563;
25566;
25569;
25572;
25573;
25575;
25576;
25578;
25579;
25581;
25582;
25584;
25585;
25587;
25588;
25590;
25591;
25593;
25594;
25596;
25597;
25599;
25693;
25704;
25709;
25712;
25715;
25718;
25719;
25721;
25724;
25725;
25725;
25727;
25729;
25746;
25761;
25764;
25767;
25767;
25770;
25774;
25776;
25779;
25782;
25785;
25786;
25788;
25791;
25792;
25794;
25795;
25797;
25799;
25813;
25821;
25826;
25832;
25836;
25840;
25842;
25845;
25849;
25850;
25852;
25853;
25855;
25856;
25858;
25859;
25860;
25862;
25863;
25864;
25866;
25867;
25869;
25870;
25872;
25873;
25876;
25878;
25879;
25881;
25882;
25884;
25885;
25887;
25889;
25899;
25917;
25920;
25923;
25924;
25926;
25927;
25938;
25946;
25980;
25992;
25996;
25997;
25999;
26121;
26122;
26123;
26125;
26127;
26129;
26131;
26133;
26135;
26160;
26169;
26180;
26188;
26197;
26203;
26209;
26215;
26219;
26316;
26340;
26345;
26349;
26382;
26384;
26386;
26388;
26389;
26409;
26419;
26427;
26434;
26441;
26446;
26452;
26465;
26474;
26486;
26487;
26489;
26506;
26524;
26529;
26532;
26548;
26553;
26556;
26571;
26579;
26603;
26605;
26607;
26624;
26629;
26632;
26639;
26655;
26670;
26676;
26683;
26689;
26721;
26723;
26725;
26736;
26757;
26759;
26789;
26802;
26810;
26817;
26826;
26831;
26835;
26842;
26844;
26845;
26847;
26849;
26871;
26892;
26897;
26899;
26901;
26903;
26904;
26906;
26907;
26909;
26919;
26931;
26935;
26936;
26937;
26939;
26954;
26969;
27211;
27232;
27239;
27243;
27245;
27246;
27248;
27249;
27251;
27252;
27254;
27257;
27259;
27283;
27299;
27305;
27308;
27313;
27318;
27321;
27324;
27327;
27330;
27333;
27336;
27337;
27339;
27356;
27367;
27374;
27383;
27386;
27389;
27404;
27412;
27419;
27432;
27442;
27446;
27449;
27472;
27474;
27476;
27478;
27498;
27499;
27568;
27568;
27570;
27572;
27574;
27576;
27578;
27580;
27607;
27612;
27616;
27619;
27624;
27628;
27639;
27711;
27721;
27726;
27726;
27729;
27749;
27751;
27753;
27755;
27777;
27793;
27798;
27801;
27804;
27809;
28195;
28197;
28199;
28201;
28203;
28205;
28207;
28209;
28211;
28213;
28215;
28217;
28219;
28237;
28239;
28259;
28277;
28279;
28307;
28309;
28325;
28327;
28329;
28355;
28357;
28359;
28717;
28719;
28755;
28757;
28759;
28777;
28779;
28790;
28816;
28832;
28844;
28857;
28865;
28870;
28876;
28879;
29221;
29223;
29225;
29227;
29229;
29303;
29308;
29313;
29320;
29323;
29328;
29331;
29336;
29339;
29342;
29345;
29348;
29351;
29352;
29353;
29355;
29356;
29358;
29359;
29361;
29362;
29364;
29365;
29367;
29369;
29378;
29379;
29386;
29389;
29392;
29393;
29394;
29396;
29399;
29410;
29413;
29416;
29439;
29451;
29456;
29459;
29462;
29465;
29468;
29471;
29472;
29473;
29475;
29476;
29478;
29479;
29481;
29482;
29484;
29485;
29487;
29488;
29490;
29491;
29493;
29494;
29496;
29497;
29499;
29525;
29549;
29553;
29556;
29559;
29562;
29565;
29571;
29574;
29575;
29576;
29578;
29579;
29581;
29582;
29584;
29585;
29587;
29588;
29590;
29591;
29593;
29594;
29597;
29599;
29614;
29633;
29640;
29640;
29643;
29646;
29649;
29664;
29683;
29690;
29693;
29699;
30159;
30161;
30163;
30165;
30167;
30169;
30171;
30173;
30175;
30177;
30179;
30419;
30449;
30451;
30453;
30455;
30457;
30459;
30519;
30521;
30539;
30559;
30625;
30627;
30629;
30655;
30657;
30659;
30669;
30823;
30826;
30827;
30851;
30853;
30855;
30880;
30890;
30900;
30916;
30926;
30938;
30952;
30966;
30974;
30982;
30989;
31008;
31020;
31028;
31036;
31061;
31073;
31079;
31084;
31089;
31134;
31135;
31137;
31139;
31141;
31157;
31162;
31167;
31171;
31174;
31177;
31180;
31185;
31188;
31191;
31195;
31199;
31224;
31226;
31228;
31234;
31241;
31246;
31249;
31275;
31303;
31311;
31319;
31515;
31535;
31542;
31547;
31552;
31553;
31555;
31556;
31558;
31559;
31582;
31592;
31595;
31600;
31603;
31604;
31606;
31608;
31609;
31613;
31618;
31619;
31621;
31622;
31623;
31626;
31627;
31628;
31629;
31632;
31633;
31634;
31636;
31637;
31638;
31655;
31675;
31683;
31688;
31691;
31693;
31698;
31699;
31700;
31702;
31707;
31708;
31710;
31711;
31712;
31714;
31715;
31717;
31718;
31719;
31737;
31749;
31785;
31787;
31789;
31812;
31832;
31840;
31848;
31855;
31860;
31863;
31867;
31868;
32049;
32051;
32052;
32105;
32107;
32108;
32120;
32130;
32139;
32257;
32278;
32289;
32312;
32339;
32351;
32361;
32369;
32423;
32425;
32427;
32429;
32457;
32469;
32479;
32545;
32547;
32549;
32584;
32602;
32609;
32657;
32676;
32683;
32689;
32694;
32699;
32756;
32758;
32760;
32791;
32805;
32816;
32825;
32832;
32839;
33014;
33034;
33039;
33098;
33100;
33102;
33104;
33106;
33129;
33142;
33154;
33161;
33165;
33175;
33178;
33181;
33184;
33189;
33330;82
33332;82
33333;82
33334;82
33335;82
33378;82
33397;82
33415;82
33428;82
33442;82
33449;82
33602;
33604;
33605;
33607;
33609;
33611;
33613;
33615;
33617;
33619;
33647;
33649;
33659;
33689;
33699;
33719;
33729;
33739;
33758;82
33775;82
33790;82
33803;82
33813;
33818;
33824;82
33829;82
34117;45
34119;45
34121;45
34123;45
34125;45
34127;45
34128;45
34130;45
34131;45
34132;45
34134;45
34212;45
34225;45
34233;45
34246;45
34253;45
34260;45
34266;45
34270;45
34277;45
34281;45
34286;45
34289;45
34292;45
34295;45
34298;45
34302;45
34305;45
34308;45
34311;45
34314;45
34317;45
34320;45
34323;45
34326;45
34327;45
34329;45
34346;41
34355;41
34359;45
34369;45
34376;45
34379;45
34385;45
34388;45
34393;45
34396;45
34399;45
34414;
34431;22
34434;
34439;
34454;45
34466;45
34471;45
34474;45
34477;45
34479;45
34497;45
34508;45
34513;45
34516;45
34519;45
34537;45
34549;45
34560;45
34576;45
34582;45
34587;45
34590;45
34593;45
34596;45
34599;45
34613;45
34621;45
34626;45
34628;45
34630;45
34632;45
34633;45
34637;45
34639;45
35037;21
35039;21
35041;21
35043;21
35066;45
35075;21
35080;21
35083;21
35085;21
35088;45
35091;21
35094;21
35096;21
35099;45
35102;21
35104;45
35108;45
35110;45
35112;21
35114;45
35116;45
35117;45
35119;45
35216;21
35232;21
35236;21
35239;21
35260;21
35274;21
35279;21
35282;45
35285;45
35287;21
35288;45
35305;21
35315;21
35321;21
35325;21
35327;21
35329;21
35390;21
35392;21
35394;21
35396;21
35398;21
35410;21
35415;21
35418;21
35423;21
35428;21
35435;21
35440;21
35444;21
35447;21
35452;21
35457;21
35460;21
35463;21
35466;21
35469;21
35510;21
35516;21
35519;21
35576;21
35578;21
35579;21
35580;21
35581;21
35582;21
35583;21
35584;21
35585;21
35586;21
35606;21
35614;21
35619;21
35625;21
35630;21
35633;21
35638;21
35641;21
35644;21
35647;21
35649;21
35683;21
35684;21
35685;21
35686;21
35687;21
35688;21
35689;21
35690;21
35708;21
35713;21
35716;21
35719;21
35745;21
35753;21
35756;21
35759;21
35764;21
35767;21
35768;21
35781;21
35789;21
35792;21
35794;21
35796;21
35799;21
36037;21
36039;21
36041;21
36043;21
36088;21
36093;21
36100;21
36103;21
36110;21
36115;21
36119;21
36124;21
36129;21
36132;21
36137;21
36142;21
36145;21
36148;21
36151;21
36154;21
36157;21
36160;21
36163;21
36166;45
36167;21
36169;21
36179;45
36199;45
36205;45
36208;45
36211;45
36214;45
36217;45
36219;45
36251;45
36266;45
36269;45
36272;45
36275;45
36277;45
36280;45
36282;45
36284;45
36286;45
36287;45
36289;45
36304;21
36318;21
36320;21
36323;21
36325;21
36326;21
36329;21
36341;21
36355;21
36358;21
36364;21
36367;21
36369;21
36381;12
36391;12
36396;12
36399;21
36404;1
36414;1
36419;1
36433;1
36448;1
36452;1
36456;1
36457;1
36460;1
36466;1
36469;1
37073;41
37075;41
37077;41
37079;41
37081;41
37083;41
37085;41
37115;41
37120;41
37124;41
37127;41
37130;41
37133;41
37136;41
37139;41
37154;
37170;
37176;
37181;
37186;
37191;
37194;
37197;41
37199;41
37213;45
37214;45
37215;45
37216;45
37217;45
37218;45
37235;45
37242;45
37247;45
37249;45
37269;45
37276;45
37281;45
37284;45
37287;45
37290;45
37293;45
37296;45
37297;45
37299;45
37308;1
37318;1
37327;1
37339;1
37345;1
37351;1
37355;1
37359;1
37412;41
37431;41
37434;41
37441;41
37444;41
37445;41
37520;41
37539;41
37574;
37581;
37586;
37589;
37603;
37619;
37620;
37627;
37632;
37633;
37635;
37639;
37640;
37642;
37643;
37647;
37649;
37671;
37688;
37691;
37696;
37697;
37699;
38100;
38102;
38104;
38106;
38108;
38110;
38112;
38114;
38116;
38118;
38120;
38122;
38124;
38126;
38154;
38159;
38162;
38165;
38170;
38173;
38176;
38179;
38226;
38228;
38229;
38239;
38259;
38268;
38271;
38272;
38274;
38275;
38277;
38279;
38300;
38302;
38304;
38312;
38315;
38319;
38321;
38322;
38324;
38325;
38327;
38329;
38350;
38364;
38368;
38372;
38373;
38375;
38376;
38378;
38379;
38381;
38382;
38384;
38387;
38440;
38442;
38444;
38446;
38448;
38458;
38459;
38461;
38462;
38464;
38465;
38467;
38468;
38470;
38471;
38473;
38474;
38476;
38477;
38479;
38486;
38489;
38518;
38524;
38527;
38528;
38530;
38531;
38533;
38536;
38539;
38542;
38543;
38547;
38550;
38551;
38553;
38554;
38556;
38557;
38559;
38640;41
38642;41
38644;41
38667;41
38678;41
38685;41
38690;41
38700;41
38704;41
38707;41
38709;41
38723;41
38729;41
38820;
38822;
38828;
38829;
38835;
38836;
38838;
38855;
38871;
38875;
38877;
38879;
38889;
38895;
38899;
39104;
39106;
39108;
39110;
39112;
39114;
39116;
39118;
39120;
39122;
39124;
39126;
39128;
39130;
39164;
39167;
39171;
39175;
39179;
39217;
39218;
39221;
39240;
39245;
39249;
39261;
39264;
39279;
39288;
39291;
39307;
39317;
39319;
39326;
39340;
39343;
39345;
39356;
39359;
39365;
39387;
39393;
39397;
39397;
39418;
39435;
39439;
39443;
39444;
39446;
39448;
39517;
39517;
39524;
39539;
39576;
39579;
39590;
39596;
39606;
39615;
39619;
39624;
39628;
39629;
39638;
39638;
39646;
39646;
39649;
40210;
40211;
40212;
40213;
40215;
40217;
40219;
40221;
40223;
40225;
40227;
40229;
40231;
40233;
40235;
40237;
40239;
40468;
40470;
40472;
40472;
40474;
40476;
40477;
40479;
40489;
40545;
40547;
40549;
40589;
40591;
40593;
40595;
40597;
40599;
40625;
40627;
40629;
40667;
40668;
40670;
40699;34
40721;
40721;
40723;34
40724;34
40764;34
40789;34
40822;34
40878;34
40880;34
40882;34
40883;34
40885;34
41061;
41063;
41065;
41066;
41068;
41069;
41169;
41179;
41189;
41199;
41236;
41238;
41239;
41334;
41352;
41363;
41366;
41372;
41379;
41460;
41462;
41464;
41466;
41468;
41469;
41470;
41472;
41515;
41516;
41517;
41539;
41540;
41541;
41542;
41564;
41569;
41747;
41748;
41749;
41751;
41812;
41836;
41844;
41849;
42103;
42105;
42107;
42109;
42111;
42113;
42115;
42117;
42119;
42275;
42277;
42279;
42281;
42283;
42285;
42287;
42289;
42327;
42329;
42349;
42369;
42389;
42399;
42477;
42489;34
42499;
42549;34
42551;34
42553;34
42555;34
42579;34
42651;34
42653;34
42655;34
42657;34
42659;34
42697;34
42699;34
42719;34
42781;34
42799;
42853;
42855;
42857;
42859;
42897;
42899;
42929;
44135;79
44137;79
44139;79
44141;79
44143;79
44145;79
44147;79
44149;79
44225;79
44227;79
44229;79
44263;79
44265;79
44267;79
44269;79
44287;79
44289;79
44309;79
44319;79
44328;79
44329;79
44339;79
44357;79
44359;79
44369;79
44379;79
44388;79
44532;79
44534;79
44536;79
44575;79
44577;79
44579;79
44581;79
44623;79
44625;79
44627;79
44628;79
44629;79
44649;79
44651;79
44652;79
44653;79
44787;79
44789;79
44791;79
44793;79
44795;79
44797;79
44799;79
44801;79
44803;79
44805;79
44807;79
44809;79
44866;79
44867;79
44869;79
44879;79
44892;79
44894;79
45127;79
45128;79
45130;79
45131;79
45133;79
45134;79
45136;79
45138;79
45139;79
45141;79
45143;79
45144;79
45145;79
45147;79
45149;79
45219;79
45239;79
45257;79
45259;79
45276;79
45277;79
45279;79
45289;79
45307;79
45309;79
45326;79
45327;79
45329;79
45355;79
45356;79
45357;79
45359;79
45468;79
45470;79
45472;79
45473;79
45475;79
45476;79
45478;79
45479;79
45481;79
45525;79
45527;79
45529;79
45549;79
45657;79
45659;79
45661;79
45663;79
45665;79
45699;79
45701;79
45711;79
45721;79
45731;79
45739;79
45768;79
45770;79
45772;79
45879;79
45881;79
45883;79
45884;79
45886;79
45888;79
45889;79
45891;79
45892;79
45894;79
45896;79
45897;79
45899;79
45964;79
45966;79
45968;79
46045;79
46047;79
46049;79
46117;79
46119;79
46145;79
46147;79
46149;79
46236;79
46238;79
46240;79
46242;79
46244;79
46282;79
46284;79
46286;79
46325;82
46342;82
46348;82
46354;82
46359;82
46395;82
46397;82
46399;82
46414;82
46419;82
46446;
46459;
46483;79
46485;79
46487;79
46499;79
46509;79
46514;79
46519;79
46535;79
46537;79
46539;79
46562;79
46569;79
47051;79
47053;79
47055;79
47057;79
47058;79
47059;79
47119;79
47137;79
47138;79
47139;79
47166;79
47167;79
47169;79
47178;79
47179;79
47198;79
47199;79
47226;79
47228;79
47229;79
47239;79
47249;79
47259;79
47269;79
47279;79
47441;79
47443;79
47445;79
47447;79
47475;79
47495;79
47506;79
47509;
47533;
47546;
47551;
47559;
47574;
47589;
47608;
47623;
47624;
47625;
47626;
47627;
47638;
47647;
47652;
47661;
47665;79
47669;
47798;
47799;
47800;
47802;
47803;
47804;
47805;
47807;
47809;
47829;
47839;
47877;
47906;
47918;
47929;
48143;82
48145;82
48147;82
48149;82
48151;82
48153;82
48155;82
48157;82
48159;82
48161;82
48163;82
48165;82
48167;82
48231;82
48249;82
48268;82
48282;82
48291;82
48301;82
48308;82
48317;82
48324;82
48329;82
48336;82
48341;82
48346;82
48351;82
48356;82
48361;82
48366;82
48369;82
48429;82
48431;82
48432;82
48455;
48465;
48477;82
48480;
48485;82
48488;
48493;82
48496;82
48499;
48527;
48529;
48531;
48565;82
48599;82
48607;82
48612;82
48619;82
48624;82
48629;82
48653;82
48683;82
48691;82
48703;82
48712;82
48720;82
48727;82
48734;82
48739;82
49074;39
49076;39
49078;39
49080;39
49082;39
49084;39
49086;39
49088;39
49090;39
49124;39
49134;39
49143;39
49152;39
49163;39
49170;39
49176;39
49179;39
49186;39
49191;39
49196;39
49201;39
49205;39
49214;39
49219;39
49324;39
49326;39
49328;39
49356;
49377;
49393;
49401;
49406;
49413;
49419;
49424;
49429;
49434;
49439;
49448;
49451;
49453;
49456;
49457;
49459;
49477;82
49479;82
49492;82
49497;82
49504;82
49509;82
49525;82
49536;82
49545;82
49549;82
49565;39
49577;39
49584;39
49586;39
49593;39
49594;39
49596;39
49597;39
49599;39
49610;39
49624;
49626;39
49632;
49635;39
49637;39
49638;39
49661;
49681;
49685;
49688;
49692;
49696;
49699;
49716;
49733;
49740;
49744;
49751;
49757;
49762;
49767;
49770;
49774;
49777;
49779;
49808;
49809;
49811;
49824;
49828;
49832;
49835;
49838;
49843;
49844;
49846;
49847;
49849;
50126;
50127;
50129;
50169;
50170;
50171;
50181;
50189;
50226;
50259;
50321;
50354;
50374;
50389;
50667;34
50668;34
50670;34
50672;34
50674;34
50676;34
50677;34
50678;34
50679;34
50733;34
50735;34
50737;34
50739;34
50765;34
50767;34
50769;34
50823;34
50825;34
50827;34
50829;34
50858;34
50859;34
50931;34
50933;34
50935;34
50937;34
50939;34
50968;34
50969;34
50996;34
50997;34
50999;34
51061;34
51063;34
51065;34
51067;34
51069;34
51103;34
51105;34
51107;34
51109;34
51143;34
51145;34
51147;34
51149;34
51371;34
51373;34
51375;34
51377;34
51379;34
51381;34
51399;
51427;
51429;
51465;
51467;
51467;34
51469;
51491;
51503;
51515;
51519;
51545;
51570;
51580;
51588;
51597;
51598;
51643;
51645;
51647;
51674;
51688;
51702;
51709;
51766;
51789;
52062;100
52064;100
52066;100
52068;100
52070;100
52072;100
52074;100
52076;100
52078;100
52080;100
52134;100
52146;100
52152;100
52156;100
52159;100
52222;100
52223;100
52224;100
52249;100
52349;100
52351;100
52353;100
52355;100
52372;100
52379;100
52382;100
52385;100
52388;100
52391;100
52393;100
52396;100
52399;100
52428;100
52441;100
52445;100
52457;100
52459;100
52477;100
52499;100
52511;
52525;
52531;
52538;
53111;15
53113;15
53115;15
53117;15
53119;15
53121;15
53123;15
53125;15
53127;15
53129;15
53173;15
53175;15
53177;15
53179;15
53225;15
53227;15
53229;15
53332;15
53340;15
53343;15
53347;15
53359;15
53424;
53426;
53474;
53489;
53498;
53501;
53505;
53506;
53507;
53508;
53518;
53520;
53533;
53534;
53539;8
53545;
53547;
53557;
53560;
53562;
53567;
53572;
53577;
53578;
53579;
53604;15
53619;
53639;15
53721;15
53757;15
53773;15
53783;15
53797;15
53804;15
53809;15
53819;15
53840;15
53842;15
53844;15
53859;15
53879;15
53881;15
53894;15
53902;15
53909;15
53913;15
53919;15
53925;15
53937;15
53940;15
53945;15
53947;15
53949;15
54290;8
54292;8
54293;8
54294;8
54295;8
54296;8
54298;8
54298;8
54306;8
54308;8
54309;8
54310;8
54310;8
54311;8
54313;8
54314;8
54316;8
54317;8
54318;8
54320;8
54329;8
54331;8
54332;8
54338;8
54340;8
54341;8
54343;8
54344;8
54346;8
54347;8
54349;8
54411;8
54413;8
54421;8
54422;104
54422;
54424;8
54426;8
54427;8
54429;8
54439;8
54441;8
54450;8
54451;8
54453;8
54455;8
54456;8
54457;8
54459;8
54470;8
54472;8
54483;8
54484;8
54486;8
54487;8
54492;8
54497;8
54498;8
54516;8
54518;8
54523;8
54524;8
54526;8
54528;8
54529;8
54531;8
54533;8
54533;8
54534;8
54536;8
54538;8
54539;8
54550;8
54552;8
54558;8
54568;8
54570;8
54574;8
54576;8
54578;8
54579;8
54584;8
54585;8
54586;8
54587;8
54589;8
54595;8
54597;8
54597;8
54608;8
54610;8
54611;8
54612;8
54614;8
54616;8
54617;8
54619;8
54634;8
54636;8
54646;8
54647;8
54649;8
54655;8
54657;8
54662;8
54664;8
54666;8
54668;8
54669;8
54673;8
54675;8
54687;8
54689;8
55116;104
55118;104
55120;104
55122;104
55124;104
55126;104
55127;104
55128;104
55129;104
55130;104
55131;104
55218;104
55232;
55234;
55237;
55239;
55246;98
55252;98
55257;104
55262;104
55263;104
55268;104
55270;104
55271;104
55276;104
55278;104
55283;104
55286;
55288;
55291;
55294;104
55296;104
55299;104
55411;104
55413;104
55422;104
55424;104
55425;104
55430;104
55432;104
55435;104
55437;104
55442;104
55444;104
55450;104
55452;104
55457;104
55459;104
55469;104
55471;104
55481;104
55483;104
55487;104
55490;104
55491;104
55494;104
55496;104
55497;104
55499;104
55543;104
55545;104
55546;104
55559;104
55566;104
55568;104
55569;104
55571;104
55576;104
55578;
55578;104
55583;104
55585;104
55590;104
55592;104
55593;104
55595;104
55596;104
55597;
55599;
55606;104
55608;104
55608;104
55618;104
55619;104
55621;104
55624;104
55626;104
55627;104
55629;104
55743;104
55756;104
55758;104
55758;104
55765;104
55767;104
55768;104
55774;104
55776;104
55777;104
55779;104
56068;
56070;
56072;
56073;
56075;
56076;
56077;
56112;
56130;
56132;
56133;
56154;104
56170;
56179;
56182;
56191;
56203;
56204;
56206;
56218;
56220;
56235;
56237;
56242;
56244;
56249;
56253;8
56254;8
56269;
56271;
56271;
56276;
56281;104
56283;104
56283;
56288;104
56290;104
56290;
56290;8
56291;104
56294;
56295;
56299;
56305;
56307;
56316;
56317;
56321;
56322;
56323;
56329;104
56330;
56332;
56333;
56335;
56337;
56338;
56340;
56341;
56346;
56348;
56349;
56355;
56357;
56368;
56370;
56377;
56379;
56410;
56412;
56414;
56422;
56424;
56424;
56427;
56428;
56457;
56459;
56462;
56470;
56472;
56472;
56477;
56479;
56564;
56566;
56567;
56575;
56579;
56581;
56584;
56587;
56588;
56589;
56593;
56594;
56598;
56599;
56626;
56630;
56637;
56642;
56645;
56648;
56651;
56653;
56656;
56659;
56727;
56729;8
56736;
56743;
56745;
56745;
56746;
56751;
56753;
56754;8
56759;8
56761;8
56766;8
56766;8
56767;8
56769;8
56812;8
56814;8
56818;8
56820;8
56821;8
56823;8
56825;8
56826;8
56828;8
56829;8
56841;8
56843;8
56850;104
56850;8
56850;8
56856;8
56858;104
56858;8
56859;8
56861;8
56862;8
56864;8
56865;8
56867;8
56869;104
57072;22
57074;22
57076;22
57078;22
57080;22
57223;22
57234;22
57250;22
57258;22
57271;22
57290;22
57299;22
57319;22
57334;22
57339;22
57368;22
57392;22
57399;22
57413;22
57439;22
57462;22
57482;22
57489;22
57518;
57520;
57520;
57537;
57539;
57548;
57555;
57562;
57567;
57572;
57577;
57578;
57580;
57581;
57583;
57583;
57584;
57586;
57587;
57589;
57610;
57612;
57612;
57614;
57614;
57614;
57627;
57629;
57629;
57632;
57635;
57636;
57638;
57639;
57641;
57642;
57644;
57645;
57647;
57648;
58089;79
58091;79
58093;79
58095;79
58097;79
58099;79
58119;79
58135;79
58239;79
58256;79
58285;79
58300;79
58313;79
58332;79
58339;79
58452;79
58453;79
58454;79
58455;79
58456;79
58507;22
58509;22
58511;22
58513;22
58515;22
58540;22
58553;22
58566;22
58579;22
58636;22
58638;22
58640;22
58642;22
58644;22
58675;22
58706;22
58708;22
58710;22
58730;79
58739;22
58762;22
58769;22
58791;22
58802;22
58809;22
58840;22
58849;22
59063;79
59065;79
59067;79
59069;79
59071;79
59073;79
59075;79
59077;79
59174;79
59192;79
59199;79
59227;82
59229;82
59269;82
59302;82
59320;82
59329;82
59348;82
59368;79
59379;79
59387;82
59394;82
59399;82
59423;79
59425;79
59427;79
59439;79
59457;22
59469;22
59494;22
59505;22
59510;22
59514;22
59519;22
59555;22
59556;22
59557;22
59558;22
59581;22
59590;22
59597;22
59602;22
59609;22
59755;22
59757;22
59759;22
59821;22
59823;22
59846;22
59872;22
59889;22
59909;22
59929;22
59939;22
59955;22
59964;22
59969;
59969;22
60306;21
60308;21
60310;21
60311;21
60313;21
60314;21
60316;21
60318;21
60320;21
60322;21
60323;21
60325;21
60326;21
60327;21
60329;21
60385;21
60386;21
60388;21
60389;21
60431;21
60433;21
60435;21
60437;21
60438;21
60439;21
60486;21
60487;21
60488;21
60489;21
60528;21
60529;21
60549;21
60594;21
60596;21
60598;21
60599;21
61118;21
61130;12
61137;12
61138;12
61169;21
61184;21
61191;21
61194;21
61197;21
61200;21
61203;21
61206;21
61209;21
61231;21
61239;21
61250;21
61267;21
61273;21
61276;21
61279;21
61348;21
61350;21
61352;21
61381;21
61389;21
61440;21
61449;21
61462;21
61476;21
61479;21
63065;21
63067;21
63069;21
63071;21
63073;21
63075;21
63110;21
63128;21
63150;21
63165;21
63179;21
63225;21
63263;21
63303;21
63322;21
63329;21
63450;12
63452;12
63454;12
63456;12
63457;12
63477;12
63486;12
63500;21
63505;12
63512;21
63517;12
63526;12
63533;21
63538;12
63543;12
63546;12
63549;12
63571;12
63579;12
63584;12
63589;12
63594;12
63599;12
63607;12
63619;12
63628;12
63633;12
63636;12
63637;12
63639;12
63654;21
63667;21
63674;21
63679;21
63683;21
63688;21
63691;21
63694;21
63695;21
63697;21
63699;21
63739;72
63741;72
63743;72
63755;72
63762;72
63768;72
63773;72
63776;72
63785;72
63791;72
63796;72
63801;72
63808;72
63811;72
63814;72
63820;72
63825;72
63826;72
63829;72
63831;72
63834;72
63839;72
63840;72
63843;72
63846;72
63849;72
63853;72
63856;72
63857;72
63860;72
63863;72
63864;72
63867;72
63868;72
63869;72
63871;72
63872;72
63874;72
63875;72
63877;72
63879;72
63897;72
63906;72
63911;72
63916;72
63920;72
63924;72
63925;72
63927;72
63928;72
63930;72
63931;72
63933;72
63934;72
63936;72
63937;72
63939;72
64283;11
64285;11
64287;11
64289;11
64291;11
64293;11
64295;11
64297;11
64319;11
64331;11
64342;11
64347;11
64354;11
64367;11
64372;11
64380;11
64385;11
64390;11
64395;11
64397;11
64401;11
64404;11
64405;11
64407;11
64409;11
64521;11
64546;11
64560;11
64569;11
64572;11
64579;11
64584;11
64589;11
64625;11
64646;11
64653;11
64658;11
64665;11
64668;11
64673;11
64678;11
64683;11
64686;11
64689;11
64711;11
64720;11
64732;11
64739;11
64747;11
64750;11
64753;11
64754;11
64756;11
64757;11
64760;11
64807;11
64823;11
64832;11
64839;11
64846;11
64850;11
64853;11
64859;11
65183;98
65185;98
65187;98
65189;98
65191;98
65193;98
65195;98
65197;98
65199;98
65201;98
65203;98
65205;98
65207;98
65232;
65239;21
65307;
65321;
65326;
65329;
65343;
65344;
65345;
65346;
65347;
65366;
65375;
65385;
65388;
65391;
65396;
65399;
65428;21
65439;21
65451;21
65462;21
65468;21
65474;21
65479;21
65510;
65520;21
65527;
65529;
65549;21
65550;21
65551;21
65552;21
65553;21
65554;21
65555;21
65556;21
65558;
65582;
65589;21
65594;21
65597;21
65599;21
65604;21
65606;21
65611;21
65614;21
65618;21
65620;21
65623;
65624;
65626;
65627;21
65629;
65719;21
65760;21
65779;21
65795;21
65812;21
65817;21
65824;21
65830;21
65835;21
65843;21
65929;21
65931;21
65933;21
65934;21
65936;21
66111;16
66113;16
66115;16
66117;16
66119;16
66121;16
66123;16
66125;16
66126;16
66127;16
66128;16
66129;16
66130;16
66131;16
66132;16
66133;16
66265;16
66271;16
66280;16
66287;16
66292;16
66299;16
66333;16
66346;16
66352;16
66359;16
66386;16
66399;16
66424;16
66440;16
66450;16
66453;16
66459;16
66482;13
66484;13
66497;13
66500;13
66501;13
66503;13
66504;13
66506;13
66507;13
66509;13
66538;16
66539;16
66540;16
66557;16
66564;16
66571;16
66578;16
66583;16
66589;16
66606;16
66620;16
66625;16
66629;16
66636;16
66640;16
66646;16
66649;16
66663;16
66679;16
66687;16
66693;16
66701;16
66706;16
66709;16
66740;16
66763;16
66773;16
66780;16
66787;16
66793;16
66798;16
66802;16
66806;16
66809;16
66822;16
66839;16
66849;13
66851;13
66851;13
66862;13
66869;13
66871;13
66877;13
66879;13
66879;13
66882;13
66885;13
66887;13
66892;13
66894;13
66894;13
66901;13
66903;13
66904;13
66907;13
66909;13
66914;13
66916;13
66917;13
66919;13
66953;13
66954;13
66955;13
66955;13
66957;13
66969;13
66976;13
66978;13
66981;13
66987;13
66989;13
66994;13
66996;13
66999;13
67059;13
67061;13
67063;13
67065;13
67067;13
67069;13
67071;13
67098;13
67105;13
67112;13
67117;13
67122;13
67125;13
67126;13
67127;13
67133;13
67134;13
67136;13
67141;13
67146;13
67147;13
67149;13
67150;13
67152;13
67157;13
67158;13
67159;13
67161;13
67165;13
67166;13
67167;13
67169;13
67227;13
67229;13
67240;13
67245;13
67246;13
67251;13
67256;13
67258;13
67259;13
67269;13
67271;13
67273;13
67278;13
67280;13
67281;13
67283;13
67292;13
67294;
67294;13
67295;13
67297;13
67304;13
67305;13
67307;13
67308;13
67310;13
67311;13
67316;13
67317;13
67319;13
67346;13
67354;13
67360;13
67361;13
67363;13
67365;13
67366;13
67368;13
67373;13
67374;13
67376;13
67377;13
67378;13
67433;13
67434;13
67435;13
67435;13
67454;13
67459;13
67466;13
67468;13
67471;13
67472;13
67473;13
67475;13
67480;13
67482;13
67483;13
67487;13
67489;13
67547;
67549;
67550;
67551;
67574;
67575;
67577;
67578;
67580;
67582;
67583;104
67585;104
67586;104
67587;104
67590;
67591;
67592;
67593;
67595;
67596;
67598;
67599;
67655;13
67657;13
67659;13
67661;13
67663;13
67677;13
67678;13
67680;13
67681;13
67685;13
67686;13
67688;13
67691;13
67693;13
67697;13
67699;13
67700;13
67701;13
67705;13
67706;13
67707;13
67714;13
67715;13
67716;13
67718;13
67722;13
67724;13
67725;13
67727;13
67728;13
67729;13
67731;13
67732;13
67734;13
67735;13
67737;13
67742;13
67744;104
67744;13
67744;13
67745;13
67746;13
67748;13
67749;13
67752;13
67753;13
67754;13
67756;13
67757;13
67759;13
67759;13
67806;13
67808;13
67811;13
67813;13
67814;13
67816;13
67817;13
67819;13
67821;13
67822;13
67823;104
67823;13
67824;104
67826;104
67827;104
67829;104
68159;13
68161;13
68163;13
68165;13
68167;13
68169;13
68199;13
68219;13
68229;13
68239;13
68259;13
68305;13
68307;13
68309;13
68519;13
68526;13
68535;13
68542;13
68549;13
68623;13
68642;13
68647;13
68649;13
68723;13
68753;13
68766;13
68775;13
68782;13
68789;13
68794;13
68799;13
68804;13
68809;13
69115;13
69117;13
69118;13
69120;13
69121;13
69123;13
69124;13
69126;13
69151;13
69168;13
69181;13
69190;13
69198;13
69207;13
69214;13
69221;13
69226;13
69231;13
69234;13
69239;13
69242;13
69245;13
69250;13
69251;13
69253;13
69254;13
69256;13
69257;13
69259;13
69412;13
69427;13
69429;13
69434;13
69434;13
69436;13
69437;13
69439;13
69469;13
69483;13
69488;13
69493;13
69502;13
69509;13
69514;13
69517;13
69518;13
70173;20
70174;20
70176;20
70178;20
70180;20
70182;20
70184;20
70186;20
70188;20
70190;20
70191;20
70192;20
70193;20
70195;20
70197;20
70199;20
70327;20
70329;20
70372;20
70374;20
70376;20
70378;20
70435;20
70437;20
70439;20
70469;20
70499;20
70563;20
70565;20
70567;20
70569;20
70597;20
70599;20
70619;20
70629;20
70734;68
70736;68
70771;20
70794;20
70806;20
70825;20
70839;20
71032;58
71034;58
71063;58
71065;58
71067;58
71069;58
71083;58
71088;58
71093;58
71101;58
71106;58
71111;58
71116;58
71120;58
71126;58
71131;58
71134;58
71139;58
71144;58
71149;58
71154;58
71155;58
71157;58
71159;58
71229;20
71254;20
71263;20
71272;20
71277;20
71282;20
71287;20
71292;20
71296;20
71297;20
71299;20
71332;68
71334;68
71336;68
71364;68
71384;68
71394;68
71397;68
71404;68
71409;68
71522;68
71540;68
71543;20
71546;68
71549;68
71554;68
71560;68
71563;20
71566;68
71570;68
71573;68
71576;68
71577;68
71579;68
71634;20
71636;20
71638;20
71640;20
71642;20
71665;20
71672;20
71679;20
71686;20
71691;20
71696;20
71701;20
71706;20
71711;20
71717;20
71720;20
71723;20
71726;20
71729;20
71732;20
71735;20
71737;68
71739;20
72070;74
72072;74
72074;74
72076;74
72108;74
72116;74
72119;74
72124;74
72127;74
72131;74
72135;74
72138;74
72141;74
72144;74
72145;74
72147;74
72149;74
72160;58
72172;58
72175;58
72178;58
72181;74
72184;58
72186;58
72189;58
72202;58
72213;58
72218;58
72221;58
72224;58
72226;58
72227;58
72229;58
72250;58
72270;58
72275;58
72280;58
72285;58
72290;58
72293;58
72294;58
72296;58
72297;58
72299;58
72336;29
72348;29
72351;29
72355;29
72356;29
72358;29
72359;29
72361;29
72362;29
72364;29
72365;29
72367;29
72369;29
72379;29
72393;29
72401;58
72406;29
72411;74
72414;58
72415;29
72417;29
72419;29
72458;29
72459;29
72461;29
72469;29
72474;29
72475;29
72477;29
72479;29
72488;29
72501;29
72505;29
72510;29
72511;29
72513;29
72514;29
72516;29
72517;29
72519;29
72525;74
72531;74
72532;74
72534;74
72535;97
72537;74
72539;74
72555;74
72574;74
72581;74
72582;74
72584;74
72585;74
72587;74
72589;97
72622;19
72631;19
72636;19
72639;19
72644;19
72649;19
72654;19
72655;19
72657;19
72658;19
72660;19
72661;74
72663;19
72664;19
72666;19
72667;19
72669;19
72760;74
72762;74
72764;74
72766;74
72768;74
72770;74
72793;74
72800;74
72805;74
72810;74
72813;74
72818;74
72820;74
72827;74
72829;74
73033;19
73035;19
73037;19
73054;19
73061;19
73066;19
73072;19
73079;19
73084;19
73087;19
73092;19
73095;19
73098;19
73099;19
73101;19
73102;19
73104;19
73105;19
73107;19
73108;19
73110;19
73111;19
73113;19
73114;19
73116;19
73117;19
73119;19
73207;19
73230;19
73235;19
73240;19
73249;19
73252;19
73257;19
73262;19
73265;19
73266;19
73268;19
73269;19
73271;19
73272;19
73274;19
73275;19
73277;19
73278;19
73312;19
73326;19
73329;19
73333;19
73337;19
73340;97
73342;19
73344;19
73345;19
73347;19
73349;19
73430;25
73431;25
73432;25
73433;25
73434;25
73441;25
73447;25
73450;25
73453;25
73457;25
73460;25
73463;25
73466;25
73467;25
73469;25
73479;25
73485;25
73486;25
73488;25
73489;25
73491;25
73492;25
73494;25
73495;25
73497;25
73499;25
73525;19
73527;19
73529;19
73540;19
73547;19
73550;19
73553;68
73557;19
73560;19
73563;19
73565;19
73566;19
73568;19
73569;19
73571;19
73572;19
73574;19
73575;19
73577;19
73579;19
73614;68
73630;68
73635;68
73642;68
73650;68
73655;68
73660;68
73663;68
73666;19
73667;68
73669;19
73728;19
73730;19
73732;19
73733;19
73734;19
73760;19
73765;19
73770;19
73773;19
73776;19
73779;19
74072;20
74074;20
74076;20
74078;20
74080;20
74081;20
74172;20
74177;20
74182;20
74189;20
74193;20
74196;20
74199;20
74206;20
74211;20
74214;78
74219;20
74223;20
74226;20
74229;20
74232;20
74235;20
74238;78
74239;20
74243;20
74245;20
74246;20
74248;20
74249;20
74251;20
74252;20
74254;20
74255;20
74257;20
74259;20
74321;20
74336;20
74343;20
74348;20
74354;20
74357;20
74360;20
74363;20
74366;20
74369;20
74372;20
74374;20
74376;20
74379;20
74382;20
74385;20
74388;20
74389;20
74391;20
74392;20
74394;20
74395;20
74397;20
74399;20
74405;78
74417;19
74420;78
74423;78
74424;78
74426;78
74427;78
74429;78
74523;78
74532;78
74535;78
74538;78
74541;78
74542;78
74544;78
74545;78
74547;78
74549;78
74564;78
74572;78
74575;78
74579;78
74582;78
74585;78
74586;78
74589;78
74592;78
74594;78
74595;78
74597;78
74599;78
74613;78
74626;78
74629;78
74632;78
74635;78
74638;78
74639;78
74653;78
74670;78
74673;78
74676;78
74677;78
74679;78
74706;11
74722;11
74731;11
74736;11
74740;11
74743;11
74744;
74746;11
74747;11
74749;11
74821;11
74831;
74834;11
74838;11
74842;11
74847;11
74850;11
74855;11
74858;11
74861;
74862;11
74864;11
74865;11
74867;11
74869;11
74889;11
74906;
74909;11
74912;
74915;11
74918;11
74921;11
74924;11
74925;11
74927;11
74928;11
74930;
74931;11
74933;11
74934;11
74936;
74937;11
74939;11
75015;9
75031;9
75038;9
75045;9
75050;9
75053;9
75056;9
75057;9
75059;9
75172;9
75173;9
75175;9
75177;9
75179;9
75180;9
75181;9
75196;9
75203;9
75210;9
75217;9
75223;9
75228;9
75233;9
75236;9
75239;9
75242;9
75245;9
75248;9
75249;9
75305;9
75323;9
75328;9
75331;9
75334;9
75335;9
75337;9
75339;9
75365;9
75378;9
75382;9
75385;9
75387;9
75389;9
75391;9
75392;58
75394;9
75395;9
75397;9
75399;9
75417;9
75428;9
75433;9
75438;9
75443;9
75446;9
75447;9
75449;9
76131;
76133;
76135;
76137;
76139;
76149;
76185;
76187;
76189;
76199;
76227;
76228;
76229;
76275;9
76287;9
76297;
76307;9
76316;9
76327;9
76332;9
76337;9
76344;
76351;
76356;9
76359;9
76437;9
76448;9
76456;9
76461;9
76467;9
76470;9
76473;9
76474;9
76476;9
76477;9
76479;9
76530;9
76532;9
76534;9
76547;9
76549;9
76571;9
76593;9
76596;9
76597;9
76599;9
76646;
76661;
76669;
76676;
76684;
76689;
76694;
76698;
76703;
76706;
76707;
76709;
76726;13
76744;13
76751;13
76756;13
76761;13
76764;13
76767;13
76768;13
76770;13
76771;13
76773;13
76774;13
76776;13
76777;13
76779;13
76829;13
76829;13
76831;13
76833;13
76835;13
76846;13
76848;13
76855;13
76857;13
76863;13
76865;13
76870;13
76872;13
76872;13
76877;13
76879;13
76879;13
76887;13
76889;13
76891;13
77652;17
77654;17
77656;17
77694;17
77704;17
77709;17
77716;17
77723;17
77728;17
77731;17
77736;17
77740;17
77743;17
77746;17
77749;17
77756;17
77761;17
77767;17
77770;17
77773;17
77776;17
77781;17
77784;17
77787;17
77790;17
77791;17
77793;17
77794;17
77796;17
77797;17
77799;17
77815;9
77830;9
77833;9
77836;9
77839;9
77855;9
77866;9
77871;9
77876;9
77880;9
77883;9
77886;9
77887;9
77889;9
77933;17
77948;17
77955;17
77960;17
77963;17
77966;17
77971;17
77972;17
77974;17
77975;17
77977;17
77978;17
78048;17
78050;17
78052;17
78054;17
78056;17
78073;17
78078;17
78083;17
78086;17
78087;17
78089;17
78098;17
78112;17
78120;17
78126;17
78132;17
78136;17
78141;17
78144;17
78147;17
78148;17
78166;17
78176;17
78183;17
78187;17
78194;17
78199;17
78224;32
78234;32
78239;32
78244;32
78247;32
78250;32
78253;32
78256;32
78259;32
78262;32
78266;32
78267;32
78269;32
78315;32
78333;32
78337;32
78343;32
78345;32
78351;32
78354;32
78355;32
78357;32
78359;32
78462;32
78464;32
78465;32
78467;32
78476;32
78479;32
78532;29
78549;29
78554;29
78559;29
78564;29
78567;29
78570;29
78573;29
78576;29
78579;29
78580;29
78582;29
78583;29
78585;29
78586;29
78588;29
78589;29
78591;29
78592;29
78594;29
78595;29
78597;29
78598;29
78600;29
78601;29
78603;29
78604;29
78606;29
78607;17
78609;17
78628;17
78647;17
78652;17
78655;17
78658;17
78661;17
78662;17
78664;17
78665;17
78667;17
78669;17
78713;17
78727;17
78730;17
78733;17
78736;17
78737;17
78739;17
79098;17
79100;17
79102;17
79104;17
79106;17
79108;17
79110;17
79111;17
79112;17
79114;17
79115;17
79117;17
79183;17
79189;17
79194;17
79199;17
79206;17
79211;17
79215;17
79219;17
79224;17
79227;17
79232;17
79235;17
79238;17
79241;17
79244;17
79249;17
79252;17
79254;17
79256;17
79258;17
79261;17
79263;17
79268;17
79271;17
79274;17
79276;17
79279;17
79280;17
79282;17
79283;17
79285;17
79286;17
79288;17
79289;17
79291;17
79292;17
79294;17
79295;17
79297;17
79299;17
79312;17
79331;17
79336;17
79341;17
79346;17
79348;17
79350;17
79353;17
79356;17
79359;17
79361;17
79362;17
79364;17
79365;17
79367;17
79369;17
79379;17
79395;17
79400;17
79410;17
79415;17
79418;17
79423;17
79424;17
79426;17
79427;17
79429;17
79539;17
79540;17
79541;17
79576;17
79585;17
79588;17
79589;17
79591;17
79592;17
79594;17
79595;17
79597;17
79599;17
79618;17
79639;17
79650;17
79664;17
79669;17
79674;17
79677;17
79682;17
79685;17
79686;17
79688;17
79689;17
79692;17
79694;17
79695;17
79713;17
79725;17
79730;17
79733;17
79736;17
79737;17
79739;17
79761;17
79771;17
79774;17
79777;17
79780;17
79787;17
79790;17
79793;17
79798;17
79801;17
79802;17
79804;17
79805;17
79807;17
79809;17
79822;17
79837;17
79843;17
79848;17
79853;17
79856;17
79859;17
79862;17
79865;17
79868;17
79871;17
79872;17
79874;17
79875;17
79877;17
79879;17
80331;7
80333;7
80335;7
80336;7
80337;7
80339;7
80469;7
80538;7
80539;7
80634;7
80636;7
80637;7
80638;7
80639;7
80686;7
80687;7
80689;7
80796;7
80797;7
80798;7
80799;7
80801;7
80802;7
80803;7
80804;7
80805;7
80807;7
80809;7
80933;7
80935;7
80937;7
80939;7
80992;7
80993;7
80995;7
80997;7
80999;7
81241;7
81243;7
81245;7
81247;7
81249;7
81369;7
81371;7
81373;7
81375;7
81377;7
81379;7
81475;7
81476;7
81477;7
81479;7
81539;7
81541;7
81543;7
81545;7
81547;7
81549;7
81667;7
81669;7
81671;7
81673;7
81675;7
81677;7
81679;7
81735;7
81737;7
81739;7
81825;7
81827;7
81829;7
81925;7
81927;7
81929;7
82008;7
82024;7
82031;7
82041;7
82049;7
82054;7
82057;27
82061;7
82064;7
82065;7
82067;7
82069;7
82110;2
82131;2
82140;2
82152;2
82166;7
82178;2
82194;2
82205;2
82211;2
82216;2
82223;2
82229;2
82234;2
82237;2
82239;2
82256;2
82266;2
82269;2
82272;2
82275;2
82276;2
82278;2
82279;2
82281;2
82284;2
82285;2
82287;2
82288;2
82290;2
82291;2
82293;2
82294;2
82296;2
82297;2
82299;2
82319;2
82327;2
82335;2
82340;2
82343;2
82346;2
82347;83
82349;2
82362;83
82377;83
82380;83
82383;83
82386;83
82387;83
82389;83
82390;83
82392;83
82393;83
82395;83
82396;83
82398;83
82399;83
82401;83
82402;83
82404;83
82405;83
82407;83
82409;83
82418;83
82431;27
82432;27
82433;83
82435;83
82436;83
82438;83
82439;27
82441;83
82442;83
82444;27
82445;83
82447;83
82449;83
82467;83
82475;83
82481;83
82487;83
82488;83
82490;83
82491;83
82493;83
82494;83
82496;83
82497;83
82499;83
82515;27
82538;27
82541;2
82544;27
82547;2
82549;27
83022;28
83024;28
83026;28
83043;28
83052;28
83059;28
83064;28
83071;28
83075;28
83080;28
83083;28
83088;28
83093;28
83098;28
83101;28
83104;28
83109;28
83112;28
83115;28
83119;28
83122;28
83123;28
83125;28
83126;28
83128;28
83129;28
83131;28
83132;28
83134;28
83135;28
83137;28
83139;28
83209;28
83224;28
83229;28
83233;28
83236;28
83242;28
83246;28
83250;28
83253;28
83254;28
83256;28
83257;28
83259;28
83278;28
83301;28
83308;28
83313;28
83317;28
83324;28
83329;28
83334;28
83339;28
83342;28
83346;28
83349;28
83352;28
83355;28
83358;28
83361;28
83362;28
83364;28
83365;28
83367;28
83368;28
83370;28
83371;28
83373;28
83374;28
83376;28
83377;28
83379;28
83395;28
83404;28
83410;28
83413;28
83416;28
83417;28
83435;28
83451;28
83454;28
83457;28
83458;28
83471;28
83483;28
83486;28
83487;28
83512;
83527;
83530;28
83533;
83536;
83539;
83543;
83544;
83546;
83547;
83549;
83550;7
83553;7
83555;
83556;
83558;
83559;
83561;
83562;
83564;
83567;
83569;28
83607;27
83620;28
83623;27
83624;27
83626;27
83627;27
83629;27
83646;27
83661;27
83666;27
83670;27
83671;27
83673;27
83674;27
83676;27
83677;27
83679;27
83684;27
83700;27
83703;27
83707;27
83708;27
83714;27
83727;27
83730;27
83734;27
83735;27
83737;27
84028;
84030;
84030;
84032;
84032;
84034;
84036;
84036;
84048;99
84051;30
84056;30
84061;30
84066;76
84069;47
84072;30
84076;30
84079;30
84082;76
84085;99
84088;30
84089;99
84091;99
84092;30
84094;99
84095;30
84097;99
84098;30
84100;30
84101;30
84103;30
84104;30
84106;99
84107;30
84109;30
84130;
84137;
84140;
84144;
84149;
84152;
84155;
84160;
84163;
84164;
84166;
84168;
84169;
84171;
84172;
84174;
84175;
84177;
84178;
84180;
84181;
84183;
84184;
84186;
84187;
84189;
84307;
84323;
84326;
84329;
84332;
84333;
84335;
84337;
84339;
84347;
84359;
84364;
84367;
84371;
84375;
84378;
84381;
84384;
84385;
84387;
84389;
84405;
84416;
84419;
84424;
84427;
84428;
84431;
84432;
84434;
84435;
84437;
84439;
84453;
84478;
84489;
84494;
84503;
84508;
84513;
84518;
84524;
84529;28
84533;
84539;
84543;
84544;
84546;
84547;
84549;28
84550;
84552;
84553;
84555;
84556;
84558;
84559;
84561;
84562;
84564;
84565;
84567;
84568;
84570;
84571;
84573;
84574;
84576;
84577;
84579;
85049;30
85051;30
85053;30
85055;30
85057;30
85072;30
85077;30
85080;30
85084;30
85088;30
85092;30
85095;30
85098;30
85101;30
85104;30
85107;30
85110;30
85111;30
85113;30
85114;30
85116;30
85117;30
85119;30
85120;30
85122;30
85123;30
85125;30
85126;30
85128;30
85129;30
85131;30
85132;30
85134;30
85135;30
85137;30
85139;30
85221;
85229;
85232;
85235;
85238;
85241;
85244;
85247;
85250;30
85253;
85254;
85256;
85258;
85259;
85276;30
85283;30
85290;30
85293;30
85296;30
85298;30
85301;30
85302;30
85304;30
85305;30
85307;30
85309;30
85354;
85356;
85368;
85375;
85376;
85386;
85391;
85395;
85399;
85402;
85405;
85406;
85408;30
85410;
85411;
85413;30
85414;
85416;
85417;
85419;30
85435;
85445;
85447;
85452;
85456;
85457;
85459;
85461;
85462;
85464;
85465;
85467;
85469;
85521;7
85540;7
85551;7
85560;7
85567;7
85570;7
85579;7
85586;7
85591;7
85598;7
85599;7
85604;7
85609;7
85614;7
85617;7
85622;7
85625;7
85630;7
85635;7
85640;7
85643;7
85646;7
85649;7
85652;7
85653;7
85656;
85658;7
85659;
85661;7
85662;7
85664;7
85665;7
85667;7
85669;
85716;7
85737;7
85748;7
85757;
85764;
85764;7
85774;7
85777;
85778;
86150;2
86152;2
86153;2
86154;2
86156;2
86157;2
86159;2
86161;2
86163;2
86165;2
86167;2
86169;2
86179;2
86199;2
86316;2
86343;2
86356;2
86368;2
86381;2
86391;2
86399;2
86405;2
86415;2
86420;2
86424;2
86438;2
86441;2
86444;2
86447;2
86450;2
86453;2
86456;2
86459;2
86462;2
86465;2
86470;2
86473;2
86476;2
86477;2
86479;2
86480;2
86482;2
86483;2
86485;2
86486;2
86488;2
86489;2
86491;2
86492;2
86494;2
86495;2
86497;2
86498;44
86500;2
86502;44
86504;2
86505;2
86507;2
86508;2
86510;2
86511;2
86513;2
86514;2
86517;2
86519;2
86529;30
86551;30
86554;30
86556;30
86558;30
86559;30
86561;30
86562;30
86564;30
86565;30
86567;30
86568;30
86570;30
86571;30
86573;30
86574;30
86576;30
86577;30
86579;30
86609;30
86633;30
86637;30
86641;30
86643;30
86647;30
86650;30
86653;30
86655;30
86657;30
86660;30
86663;30
86666;30
86668;30
86669;30
86672;30
86673;30
86674;30
86675;30
86676;30
86678;30
86679;30
86681;30
86682;30
86684;30
86685;30
86687;30
86688;30
86690;30
86692;30
86694;30
86695;30
86697;30
86698;30
86700;30
86701;30
86703;30
86704;30
86706;30
86707;30
86709;30
86720;30
86732;30
86733;30
86735;30
86736;30
86738;30
86739;30
86741;30
86742;30
86744;30
86745;30
86747;30
86748;30
86750;30
86751;30
86753;30
86754;30
86756;30
86757;30
86759;30
86807;44
86825;44
86830;2
86833;44
86836;2
86842;44
86845;2
86850;2
86853;2
86854;44
86856;2
86857;2
86859;2
86860;44
86862;44
86863;2
86865;44
86866;2
86868;2
86869;44
86871;44
86872;2
86874;44
86875;44
86877;2
86879;44
86899;2
86911;2
86916;2
86919;2
86920;2
86922;2
86923;2
86925;2
86926;2
86928;2
86929;2
86931;2
86932;2
86934;2
86935;2
86937;2
86938;2
86940;2
86941;2
86943;2
86944;2
86946;2
86947;2
86949;2
86956;83
86971;83
86972;83
86974;2
86975;83
86977;83
86978;83
86980;83
86981;2
86983;44
86984;83
86986;83
86987;83
86989;83
87435;44
87437;44
87439;44
87448;44
87452;44
87459;44
87463;44
87466;44
87471;44
87474;44
87477;44
87480;44
87484;44
87487;44
87488;44
87490;44
87493;44
87494;44
87496;44
87497;44
87499;44
87509;44
87527;44
87534;44
87538;44
87541;44
87544;44
87545;44
87547;44
87549;44
87561;44
87600;44
87616;44
87629;44
87634;44
87637;44
87640;44
87642;44
87645;44
87647;44
87648;44
87650;44
87651;44
87653;44
87654;44
87656;44
87657;44
87659;44
87660;44
87662;44
87663;44
87665;44
87666;44
87668;44
87669;44
87671;44
87672;44
87674;44
87675;44
87677;44
87679;44
87700;44
87719;44
87724;44
87727;44
87730;44
87733;44
87734;44
87736;44
87737;44
87739;44
87740;44
87742;44
87743;44
87745;44
87746;44
87748;44
87749;44
87751;44
87752;44
87754;44
87755;44
87757;44
87758;44
87760;44
87761;44
87763;44
87764;44
87766;44
87767;44
87769;44
87770;44
87772;44
87773;44
87775;44
87776;44
87778;44
87779;44
87781;44
87782;44
87784;44
87785;44
87787;44
87789;44
88045;32
88046;32
88048;32
88069;32
88074;32
88079;32
88085;32
88090;32
88094;32
88097;32
88099;32
88131;32
88138;32
88142;32
88145;32
88147;32
88149;32
88161;32
88167;32
88171;32
88175;32
88178;32
88179;32
88212;32
88213;32
88214;32
88239;32
88250;32
88255;32
88260;32
88263;32
88267;32
88271;32
88273;32
88276;32
88279;32
88281;32
88284;
88285;32
88287;32
88289;32
88299;
88316;
88317;
88319;
88326;
88339;
88348;
88348;
88353;
88356;32
88361;
88364;
88367;29
88368;
88370;32
88371;0
88373;32
88374;32
88376;32
88377;32
88379;32
88400;
88410;
88416;
88422;
88427;
88430;
88433;
88436;
88437;
88441;
88444;
88447;
88448;
88450;
88451;
88453;
88454;
88456;
88457;
88459;
88471;
88477;
88480;
88481;
88483;
88484;
88486;
88487;
88489;
88499;
88499;
88512;29
88515;
88518;
88521;
88524;
88525;
88527;
88529;74
88605;29
88630;32
88631;29
88633;32
88634;32
88636;32
88637;29
88639;32
88662;32
88677;32
88682;32
88690;32
88693;32
88696;32
88697;32
88699;32
88709;32
88718;32
88719;32
89073;97
89075;97
89077;97
89079;97
89081;97
89129;97
89134;97
89143;97
89150;97
89155;97
89160;97
89165;97
89168;25
89171;97
89173;97
89174;97
89176;97
89177;97
89179;97
89180;97
89182;97
89183;97
89185;97
89186;97
89188;97
89189;97
89191;97
89192;97
89194;97
89195;97
89197;97
89198;97
89231;
89233;
89250;
89257;
89264;
89269;
89275;
89278;
89281;
89284;
89287;
89290;
89291;
89293;
89294;
89296;
89297;
89299;
89312;
89331;
89335;
89340;
89343;
89344;
89346;
89347;
89349;
89350;
89352;
89353;
89355;
89356;
89358;
89359;
89361;
89362;
89364;
89365;
89367;
89368;
89407;30
89415;
89420;30
89423;
89426;
89428;
89429;
89431;
89434;30
89435;30
89437;
89438;30
89440;30
89441;
89443;30
89446;
89447;
89518;25
89520;25
89522;25
89537;25
89542;25
89547;25
89551;25
89555;25
89558;19
89561;25
89564;25
89567;25
89568;25
89584;
89597;
89601;
89604;
89605;
89607;
89608;
89610;
89611;
89613;
89614;
89616;
89617;
89619;
90402;51
90403;51
90408;51
90409;51
90411;51
90419;51
90425;51
90427;51
90429;51
90431;51
90439;51
90441;51
90443;51
90449;51
90451;51
90453;51
90455;51
90459;51
90461;51
90469;51
90471;51
90473;51
90475;51
90478;51
90480;51
90482;51
90489;51
90491;51
90513;51
90518;77
90522;51
90530;51
90537;51
90542;23
90547;51
90552;51
90556;51
90559;77
90562;23
90571;51
90574;51
90579;51
90584;30
90587;51
90592;51
90596;30
90599;
90602;30
90607;51
90610;51
90613;51
90614;51
90616;
90617;51
90619;
90762;51
90763;51
90765;51
90766;51
90768;51
91052;23
91054;23
91056;23
91058;23
91074;23
91077;23
91080;23
91083;23
91085;23
91086;23
91088;23
91090;23
91091;23
91093;23
91094;23
91096;23
91097;23
91099;23
91126;30
91154;30
91161;30
91166;30
91171;30
91174;30
91177;30
91180;30
91183;30
91186;30
91187;30
91189;30
91207;77
91217;77
91220;77
91224;77
91227;77
91230;77
91233;77
91235;77
91236;77
91238;77
91239;77
91241;77
91242;77
91244;77
91245;77
91247;77
91249;
91257;54
91275;
91278;54
91281;81
91282;54
91284;77
91286;54
91287;54
91289;54
91301;54
91315;54
91320;54
91322;54
91325;54
91327;54
91330;54
91332;54
91334;54
91336;54
91338;54
91341;54
91344;54
91346;54
91347;54
91349;54
91350;54
91352;54
91353;54
91355;54
91356;54
91358;54
91359;54
91361;54
91362;54
91364;54
91365;54
91367;54
91369;54
91413;
91438;
91443;
91448;
91452;
91456;
91459;
91460;
91462;
91463;
91465;
91466;
91468;
91469;
91471;
91472;
91474;
91475;
91477;
91478;
91480;
91481;
91483;
91484;
91486;
91487;
91489;
91522;
91541;
91550;
91555;
91560;
91564;
91567;
91572;
91575;30
91578;
91580;
91583;
91586;
91587;
91589;
91590;
91592;
91593;
91595;
91596;
91598;
91599;
91601;
91602;
91604;
91605;
91607;
91608;
91610;
91611;
91613;
91614;
91616;
91617;
91619;
91620;
91622;
91623;
91625;
91626;
91628;
91629;
91631;
91632;
91634;
91635;
91637;
91639;30
91710;30
91717;30
91719;30
91720;30
91722;30
91723;30
91725;30
91726;30
91728;30
91729;30
91731;30
91732;30
91734;30
91735;30
91737;30
91738;30
91740;30
91741;30
91743;30
91744;30
91746;30
91747;30
91749;30
91757;30
91781;30
91785;30
91788;30
91790;30
91792;30
91793;30
91795;30
91796;30
91798;30
91799;30
91801;30
91802;30
91804;30
91805;30
91807;30
91809;30
92224;
92237;
92242;
92245;
92249;
92253;
92256;
92259;
92260;
92262;
92263;
92265;
92266;
92268;
92269;
92271;
92272;
92274;
92275;
92277;
92278;
92280;
92281;
92283;30
92284;
92286;
92287;
92289;
92318;30
92331;30
92334;30
92339;30
92342;30
92345;30
92348;30
92353;30
92355;30
92358;30
92360;30
92361;30
92363;30
92364;30
92366;30
92367;30
92369;30
92421;
92431;
92436;
92439;
92442;
92444;76
92445;
92447;
92449;
92507;
92521;
92526;
92533;
92536;
92539;
92540;
92542;
92543;
92545;
92546;
92548;
92549;
92551;
92552;
92554;
92555;
92557;
92559;
92637;81
92648;81
92655;81
92660;81
92665;81
92670;81
92676;81
92681;81
92685;81
92690;81
92693;81
92694;81
92696;81
92697;81
92699;81
92700;81
92702;81
92703;81
92705;81
92706;81
92708;81
92709;81
92711;81
92712;81
92714;81
92715;81
92717;81
92718;81
92720;81
92721;81
92723;81
92724;81
92726;81
92727;81
92729;81
93047;47
93049;47
93051;47
93053;47
93055;47
93057;47
93059;47
93073;47
93077;99
93080;47
93083;47
93086;47
93087;47
93089;47
93090;47
93092;47
93093;47
93095;47
93096;47
93098;47
93099;47
93101;47
93102;47
93104;47
93105;47
93107;47
93109;47
93128;47
93133;
93138;47
93142;
93149;
93152;47
93155;47
93158;
93161;47
93164;47
93167;76
93170;47
93173;47
93176;47
93177;47
93179;47
93180;47
93182;47
93183;47
93185;76
93186;47
93188;47
93189;76
93191;76
93192;76
93194;76
93195;47
93197;47
93199;76
93309;99
93326;99
93333;99
93336;30
93339;99
93342;99
93343;99
93345;99
93346;99
93348;99
93349;30
93351;99
93352;99
93354;99
93356;99
93358;99
93359;99
93413;76
93426;76
93437;76
93444;76
93449;76
93453;76
93455;76
93458;76
93462;76
93464;76
93466;76
93468;76
93470;76
93471;76
93473;76
93474;76
93476;76
93477;76
93479;76
93480;76
93482;76
93483;76
93485;76
93486;76
93488;76
93489;76
93491;76
93492;76
93494;76
93495;76
93497;76
93499;76
94032;76
94034;76
94036;76
94051;76
94060;76
94065;76
94072;76
94078;76
94081;76
94086;76
94089;76
94094;76
94099;76
94104;76
94107;76
94110;76
94113;76
94116;76
94118;76
94121;76
94124;76
94127;76
94130;76
94133;76
94136;76
94137;
94139;76
94140;
94142;76
94143;76
94145;76
94146;76
94148;76
94149;76
94151;76
94152;76
94154;76
94157;76
94158;76
94160;76
94161;76
94163;76
94164;76
94166;
94167;76
94169;76
94209;76
94227;76
94234;76
94239;76
94244;76
94249;76
94250;76
94252;76
94253;76
94255;76
94256;76
94258;76
94259;76
94261;76
94262;76
94264;76
94265;76
94267;76
94269;76
94315;76
94327;76
94330;76
94333;76
94336;76
94339;76
94342;76
94344;76
94345;76
94347;76
94348;76
94350;76
94351;76
94353;76
94354;76
94356;76
94357;76
94359;76
94360;76
94362;76
94363;76
94365;76
94366;76
94368;76
94369;76
94371;76
94372;76
94374;76
94375;76
94377;76
94379;76
94405;
94419;
94424;
94428;
94431;
94436;
94437;
94439;
94447;76
94469;76
94474;76
94481;76
94486;76
94491;76
94496;76
94501;76
94505;76
94508;76
94513;76
94518;76
94522;
94526;76
94527;76
94529;76
94530;76
94532;76
94533;76
94535;76
94536;76
94538;76
94539;76
94541;76
94542;76
94544;76
94545;76
94547;76
94548;76
94550;76
94551;76
94553;76
94554;76
94556;76
94557;76
94559;76
94560;76
94562;76
94563;76
94566;76
94568;76
94569;76
94571;76
94572;76
94574;76
94575;76
94577;76
94579;76
95028;54
95030;54
95032;54
95100;54
95111;54
95119;54
95126;54
95131;54
95138;54
95145;54
95152;54
95158;54
95163;54
95168;54
95173;54
95176;54
95179;54
95180;54
95182;54
95183;54
95185;54
95186;54
95188;54
95189;54
95191;54
95192;54
95194;54
95195;54
95197;54
95199;54
95213;54
95233;54
95234;54
95236;54
95237;54
95239;54
95301;54
95326;54
95336;54
95339;54
95346;54
95349;54
95352;54
95355;54
95356;54
95358;54
95359;54
95361;54
95362;54
95364;54
95365;54
95367;54
95369;54
95444;54
95445;54
95447;54
95448;54
95460;54
95463;54
95466;54
95469;54
95473;54
95478;81
95482;54
95485;54
95488;54
95490;54
95491;54
95493;54
95494;54
95496;54
95497;54
95499;54
95500;54
95502;54
95503;54
95505;81
95506;81
95508;81
95509;54
95511;54
95512;54
95514;81
95515;54
95517;54
95519;81
95615;54
95632;54
95643;81
95652;81
95659;54
95666;81
95671;81
95676;81
95679;81
95680;54
95682;81
95683;81
95685;81
95686;54
95688;81
95689;81
95691;54
95692;81
95694;54
95695;81
95697;54
95698;81
95700;81
95701;81
95703;81
95704;81
95706;54
95707;54
95709;54
96047;54
96049;54
96050;54
96052;54
96103;54
96106;80
96110;54
96114;54
96117;54
96120;54
96123;54
96126;80
96129;54
96132;54
96135;54
96138;54
96142;54
96145;54
96146;54
96148;54
96149;54
96151;80
96152;
96154;54
96155;54
96157;54
96158;54
96160;
96161;54
96163;54
96164;54
96166;80
96167;54
96169;54
96170;54
96172;54
96173;54
96175;54
96176;80
96178;54
96179;54
96181;80
96182;54
96184;80
96185;54
96187;54
96188;80
96190;80
96191;54
96193;54
96194;54
96196;54
96197;54
96199;54
96215;54
96224;54
96231;54
96237;54
96242;54
96247;54
96250;54
96253;54
96257;54
96260;54
96264;54
96268;54
96269;54
96271;54
96272;54
96274;54
96275;54
96277;54
96279;54
96317;54
96328;54
96332;54
96337;54
96342;54
96346;54
96349;54
96352;54
96355;54
96358;54
96361;54
96364;54
96365;54
96367;54
96369;54
96450;54
96465;54
96472;54
96476;54
96479;54
96482;54
96484;54
96486;54
96487;54
96489;54
96515;1
96523;1
96524;1
96528;1
97070;69
97072;69
97074;69
97076;69
97078;69
97080;69
97082;69
97084;69
97199;69
97204;69
97209;69
97215;
97218;69
97222;69
97225;
97228;69
97230;69
97232;69
97234;69
97236;69
97237;69
97239;69
97241;69
97243;69
97244;69
97246;69
97247;69
97249;69
97250;69
97252;69
97253;69
97255;69
97256;69
97258;
97259;69
97261;69
97262;69
97264;69
97265;69
97267;
97268;69
97270;69
97271;69
97273;69
97274;69
97276;69
97277;69
97279;69
97280;69
97282;
97283;69
97285;69
97286;69
97288;69
97289;
97291;69
97292;69
97294;69
97295;69
97297;69
97299;69
97318;
97320;
97332;
97334;
97337;
97340;
97342;
97346;
97348;
97350;
97353;
97355;
97357;
97359;
97421;80
97422;80
97424;80
97437;80
97440;80
97447;80
97450;
97453;80
97456;80
97461;80
97464;80
97469;80
97475;80
97478;80
97483;80
97486;80
97488;80
97490;80
97491;80
97493;80
97494;80
97496;80
97497;80
97499;80
97500;80
97502;80
97503;80
97505;80
97506;80
97508;80
97509;80
97511;80
97513;80
97514;80
97516;80
97517;
97519;80
97520;80
97522;80
97523;80
97525;80
97526;80
97528;
97529;80
97531;80
97532;80
97534;80
97535;80
97537;80
97539;80
97616;
97618;
97631;
97633;
97638;
97640;
97645;
97647;
97650;
97653;
97654;
97656;
97657;
97659;
97688;
97702;
97705;
97708;
97711;
97714;
97717;
97720;
97723;
97724;
97725;
97727;
97729;
97737;
97753;
97762;
97769;
97772;
97773;
97775;
97776;
97778;
97779;
97780;
97782;
97783;
97785;
97786;
97788;
97789;
97791;
97792;
97794;
97795;
97797;
97799;
97816;
97828;
97833;
97834;
97836;
97837;
97839;
97840;72
97842;
97843;
97845;
97846;
97848;
97849;
97851;
97852;
97854;
97855;
97857;
97859;
97877;
97892;
97896;
97896;
97900;
97901;72
97903;72
97904;72
97906;72
97907;
97909;72
97922;
97941;
97944;
97947;
97950;
97953;
97956;
97957;
97959;
97980;
97990;
97993;
97996;
97999;
98527;1
98528;1
98529;1
98530;1
98530;1
98544;1
98547;1
98553;1
98559;1
98559;1
98574;1
98587;1
98590;1
98593;1
98596;1
98597;1
98617;1
98630;1
98631;1
98634;1
98639;1
98646;1
98660;1
98663;1
98666;1
98667;1
98669;1
98673;1
98693;1
98694;1
98701;1
98711;1
98716;1
98724;1
98743;1
98744;1
98746;1
98746;1
99084;1
99085;1
99086;1
99087;1
99089;1
99090;1
99091;1
99092;1
99094;1
99095;1
99096;1
99097;1
99098;1
99099;1
99100;1
99102;1
99189;1
99192;1
99195;1
99198;1
99198;1
99310;1
99326;1
99330;1
99331;1
99334;1
99338;1
99423;1
99425;1
99427;1
99428;1
99428;1
99438;1
99439;1
99441;1
99444;1
99448;1
99510;1
99518;1
99610;1
99625;1
99628;1
99631;1
99634;1
99636;1
99638;1
99706;1
99707;1
99713;1
99718;1
99734;1
99735;41
99752;41
99755;41
99759;41
99765;41
99768;41
99817;1
99819;1
99820;1
99826;1
99830;1
99831;1
99834;1
99837;1
99842;1
99846;1
99848;1
99867;1
99869;1
99880;1
99885;1
99887;1
99891;1
99894;1
99897;1
99947;1
99955;1
99958;1
99958;1
99974;1
99976;1
99986;1
99988;1
99991;1
99994;1
99996;1
99998;1